table,migration_columns,model_files,model_fillable_union,model_casts_union,missing_in_model,extra_in_model,notes
accounts,code|is_active|is_group|name|normal_balance|organization_id|parent_id|type,app\Models\Account/Account.php,code|is_active|name|organization_id|type,is_active:boolean,is_group|normal_balance|parent_id,,
audi\1_\2s,,app\Models\AuditLog.php,auditable_id|auditable_type|description|event_type|meta|user_id,meta:array,,auditable_id|auditable_type|description|event_type|meta|user_id,NO_MIGRATION_FOUND
audit_logs,auditable|auditable_id|auditable_type|description|event_type|meta|user_id,,,,auditable|auditable_id|auditable_type|description|event_type|meta|user_id,,NO_MODEL_FOUND
authorit\1_\2s,,app\Models\Governance/AuthorityPolicy.php,action|description|effect|hierarchy_id|hierarchy_type|is_locked|organization_id|role_id|subject|voucher_type,is_locked:boolean,,action|description|effect|hierarchy_id|hierarchy_type|is_locked|organization_id|role_id|subject|voucher_type,NO_MIGRATION_FOUND
authority_policies,action|description|effect|hierarchy_id|hierarchy_type|is_locked|organization_id|role_id|subject|voucher_type,,,,action|description|effect|hierarchy_id|hierarchy_type|is_locked|organization_id|role_id|subject|voucher_type,,NO_MODEL_FOUND
branches,address|city|code|contact_no|contact_person|country|email|is_active|is_fbr_active|latitude|longitude|name|organization_id|pos_auth_token|pos_id|state|zip_code,,,,address|city|code|contact_no|contact_person|country|email|is_active|is_fbr_active|latitude|longitude|name|organization_id|pos_auth_token|pos_id|state|zip_code,,NO_MODEL_FOUND
branchs,,app\Models\Core/Branch.php,address|city|code|contact_no|contact_person|country|email|is_active|is_fbr_active|latitude|longitude|name|organization_id|pos_auth_token|pos_id|state|zip_code,is_fbr_active:boolean;is_active:boolean,,address|city|code|contact_no|contact_person|country|email|is_active|is_fbr_active|latitude|longitude|name|organization_id|pos_auth_token|pos_id|state|zip_code,NO_MIGRATION_FOUND
brand_models,brand_id|is_active|name|organization_id|series|slug,app\Models\Inventory/BrandModel.php,brand_id|is_active|name|organization_id|series|slug,is_active:boolean,,,
brands,name|organization_id|slug,app\Models\Inventory/Brand.php,is_active|name|organization_id|slug,is_active:boolean,,is_active,
cache,expiration|key|value,,,,expiration|key|value,,NO_MODEL_FOUND
cache_locks,expiration|key|owner,,,,expiration|key|owner,,NO_MODEL_FOUND
cas\1_\2s,,app\Models\Voucher/CashRegister.php,name|organization_id|outlet_id|status,status:string,,name|organization_id|outlet_id|status,NO_MIGRATION_FOUND
cash_registers,is_locked|name|organization_id|registerable|registerable_id|registerable_type|status,,,,is_locked|name|organization_id|registerable|registerable_id|registerable_type|status,,NO_MODEL_FOUND
categories,is_active|name|organization_id|parent_id|slug,,,,is_active|name|organization_id|parent_id|slug,,NO_MODEL_FOUND
categorys,,app\Models\Inventory/Category.php,is_active|name|organization_id|parent_id|slug,is_active:boolean,,is_active|name|organization_id|parent_id|slug,NO_MIGRATION_FOUND
coupo\1_\2s,,app\Models\Inventory/CouponScope.php;app\Models\Inventory/CouponTarget.php,coupon_id|scopeable_id|scopeable_type|targetable_id|targetable_type,,,coupon_id|scopeable_id|scopeable_type|targetable_id|targetable_type,NO_MIGRATION_FOUND
coupon_scopes,coupon_id|scopeable|scopeable_id|scopeable_type,,,,coupon_id|scopeable|scopeable_id|scopeable_type,,NO_MODEL_FOUND
coupon_targets,coupon_id|targetable|targetable_id|targetable_type,,,,coupon_id|targetable|targetable_id|targetable_type,,NO_MODEL_FOUND
coupons,code|is_active|min_order_amount|organization_id|type|usage_limit|used_count|valid_from|valid_to|value,app\Models\Inventory/Coupon.php,code|is_active|min_order_amount|organization_id|type|usage_limit|used_count|valid_from|valid_to|value,,,,
credi\1_\2s,,app\Models\Voucher/CreditNote.php,approved_at|approved_by|created_by|customer_id|date|document_number|grand_total|invoice_id|organization_id|reviewed_at|reviewed_by|updated_by,date:date;grand_total:decimal:4,,approved_at|approved_by|created_by|customer_id|date|document_number|grand_total|invoice_id|organization_id|reviewed_at|reviewed_by|updated_by,NO_MIGRATION_FOUND
credit_notes,approved_at|approved_by|created_by|customer_id|date|document_number|financial_year_id|grand_total|invoice_id|journal_id|organization_id|reviewed_at|reviewed_by|updated_by|voucher_type_id,,,,approved_at|approved_by|created_by|customer_id|date|document_number|financial_year_id|grand_total|invoice_id|journal_id|organization_id|reviewed_at|reviewed_by|updated_by|voucher_type_id,,NO_MODEL_FOUND
custome\1_\2s,,app\Models\Inventory/CustomerCoupon.php,coupon_id|customer_id|is_used|used_at,is_used:boolean;used_at:datetime,,coupon_id|customer_id|is_used|used_at,NO_MIGRATION_FOUND
customer_coupons,coupon_id|customer_id|is_used|used_at,,,,coupon_id|customer_id|is_used|used_at,,NO_MODEL_FOUND
customers,address|cnic|contact_no|contact_person|credit_limit|current_balance|email|incorporation_no|is_active|latitude|longitude|name|ntn|organization_id|partner_category_id|payment_terms_days|strn,app\Models\Partner/Customer.php,address|cnic|contact_no|contact_person|credit_limit|current_balance|email|incorporation_no|is_active|latitude|longitude|name|ntn|organization_id|partner_category_id|payment_terms_days|strn,credit_limit:decimal:4;current_balance:decimal:4;is_active:boolean,,,
debi\1_\2s,,app\Models\Voucher/DebitNote.php,approved_at|approved_by|created_by|date|document_number|grand_total|organization_id|purchase_bill_id|reviewed_at|reviewed_by|supplier_id|updated_by,date:date;grand_total:decimal:4,,approved_at|approved_by|created_by|date|document_number|grand_total|organization_id|purchase_bill_id|reviewed_at|reviewed_by|supplier_id|updated_by,NO_MIGRATION_FOUND
debit_notes,approved_at|approved_by|created_by|date|document_number|financial_year_id|grand_total|journal_id|organization_id|purchase_bill_id|reviewed_at|reviewed_by|supplier_id|updated_by|voucher_type_id,,,,approved_at|approved_by|created_by|date|document_number|financial_year_id|grand_total|journal_id|organization_id|purchase_bill_id|reviewed_at|reviewed_by|supplier_id|updated_by|voucher_type_id,,NO_MODEL_FOUND
deliver\1_\2s,,app\Models\Voucher/DeliveryNote.php,approved_at|approved_by|created_by|date|document_number|invoice_id|organization_id|reviewed_at|reviewed_by|rider_id|sale_order_id|status|updated_by,date:date,,approved_at|approved_by|created_by|date|document_number|invoice_id|organization_id|reviewed_at|reviewed_by|rider_id|sale_order_id|status|updated_by,NO_MIGRATION_FOUND
delivery_notes,approved_at|approved_by|created_by|date|document_number|invoice_id|organization_id|reviewed_at|reviewed_by|rider_id|sale_order_id|status|updated_by|voucher_type_id,,,,approved_at|approved_by|created_by|date|document_number|invoice_id|organization_id|reviewed_at|reviewed_by|rider_id|sale_order_id|status|updated_by|voucher_type_id,,NO_MODEL_FOUND
document_items,cost_of_goods_sold|discount_amount|document|document_id|document_type|inventory_batch_id|line_total|notes|organization_id|product_variant_id|quantity|tax_id|tax_rate|unit_price,app\Models\Voucher/DocumentItem.php,batch_id|cost_of_goods_sold|discount_amount|document_id|document_type|item_id|line_total|notes|organization_id|quantity|tax_id|tax_rate|unit_price,quantity:decimal:4;unit_price:decimal:4;discount_amount:decimal:4;tax_rate:decimal:2;line_total:decimal:4;cost_of_goods_sold:decimal:4,document|inventory_batch_id|product_variant_id,batch_id|item_id,
failed_jobs,connection|exception|failed_at|payload|queue|uuid,,,,connection|exception|failed_at|payload|queue|uuid,,NO_MODEL_FOUND
financia\1_\2s,,app\Models\Core/FinancialYear.php,end_date|is_active|is_closed|name|organization_id|start_date,start_date:date;end_date:date;is_closed:boolean;is_active:boolean,,end_date|is_active|is_closed|name|organization_id|start_date,NO_MIGRATION_FOUND
financial_years,end_date|is_active|is_closed|name|organization_id|start_date,,,,end_date|is_active|is_closed|name|organization_id|start_date,,NO_MODEL_FOUND
gl_transactions,,app\Models\Account/GlTransaction.php,account_id|created_by|credit|date|debit|document_number|narration|organization_id|reference_id|reference_type,date:date;debit:decimal:4;credit:decimal:4,,account_id|created_by|credit|date|debit|document_number|narration|organization_id|reference_id|reference_type,NO_MIGRATION_FOUND
inventor\1_\2s,,app\Models\Inventory/InventoryCondition.php;app\Models\Inventory/InventoryReservation.php,condition_id|consumed_at|expires_at|inventory_batch_id|is_active|is_sellable|name|organization_id|priority|product_variant_id|quantity|reference_id|reference_type|released_at|status|stock_location_id,is_sellable:boolean;is_active:boolean;expires_at:datetime;released_at:datetime;consumed_at:datetime,,condition_id|consumed_at|expires_at|inventory_batch_id|is_active|is_sellable|name|organization_id|priority|product_variant_id|quantity|reference_id|reference_type|released_at|status|stock_location_id,NO_MIGRATION_FOUND
inventory_balances,avg_cost|condition_id|inventory_batch_id|min_stock|organization_id|product_variant_id|quantity|reorder_point|reserved_quantity|stock_location_id,app\Models\Inventory/InventoryBalance.php,avg_cost|condition_id|inventory_batch_id|min_stock|organization_id|product_variant_id|quantity|reorder_point|reserved_quantity|stock_location_id,quantity:float;reserved_quantity:float;min_stock:float;reorder_point:float;avg_cost:float,,,
inventory_batches,batch_number|expiry_date|initial_cost|is_recalled|manufacturing_date|mrp|product_variant_id|recall_reason|status|storage_condition|warranty_months,app\Models\Inventory/InventoryBatch.php,batch_number|expiry_date|initial_cost|is_recalled|manufacturing_date|mrp|product_variant_id|recall_reason|remaining_quantity|status|storage_condition|warranty_months,manufacturing_date:date;expiry_date:date;initial_cost:decimal:6;mrp:decimal:6;remaining_quantity:decimal:6;is_recalled:boolean,,remaining_quantity,
inventory_conditions,is_active|is_sellable|name|organization_id,,,,is_active|is_sellable|name|organization_id,,NO_MODEL_FOUND
inventory_ledger,created_by|id|inventory_batch_id|organization_id|product_variant_id|quantity_in|quantity_out|reference_id|reference_type|stock_location_id|total_cost|transaction_type|unit_cost,app\Models\Inventory/InventoryLedger.php,created_by|inventory_batch_id|organization_id|product_variant_id|quantity_in|quantity_out|reference_id|reference_type|stock_location_id|total_cost|transaction_type|unit_cost,quantity_in:decimal:6;quantity_out:decimal:6;unit_cost:decimal:6;total_cost:decimal:6,id,,
inventory_reservations,condition_id|consumed_at|expires_at|inventory_batch_id|organization_id|priority|product_variant_id|quantity|reference|reference_id|reference_type|released_at|status|stock_location_id,,,,condition_id|consumed_at|expires_at|inventory_batch_id|organization_id|priority|product_variant_id|quantity|reference|reference_id|reference_type|released_at|status|stock_location_id,,NO_MODEL_FOUND
invoices,approved_at|approved_by|branch_id|created_by|currency_code|customer_id|date|document_number|due_amount|exchange_rate|fbr_invoice_number|financial_year_id|grand_total|journal_id|organization_id|paid_amount|pos_session_id|reviewed_at|reviewed_by|status|sub_total|tax_total|updated_by|voucher_type_id,app\Models\Voucher/Invoice.php,approved_at|approved_by|branch_id|created_by|customer_id|date|document_number|fbr_invoice_number|grand_total|organization_id|pos_session_id|reviewed_at|reviewed_by|status|updated_by|voucher_type_id,grand_total:decimal:4;date:date,currency_code|due_amount|exchange_rate|financial_year_id|journal_id|paid_amount|sub_total|tax_total,,
item_stock_summary,calculated_at|calculated_by|location_id|location_type|organization_id|product_variant_id|total_quantity|total_stock_value|weighted_average_cost,,,,calculated_at|calculated_by|location_id|location_type|organization_id|product_variant_id|total_quantity|total_stock_value|weighted_average_cost,,NO_MODEL_FOUND
job_batches,cancelled_at|created_at|failed_job_ids|failed_jobs|finished_at|id|name|options|pending_jobs|total_jobs,,,,cancelled_at|created_at|failed_job_ids|failed_jobs|finished_at|id|name|options|pending_jobs|total_jobs,,NO_MODEL_FOUND
jobs,attempts|available_at|created_at|payload|queue|reserved_at,,,,attempts|available_at|created_at|payload|queue|reserved_at,,NO_MODEL_FOUND
journal_lines,account_id|branch_id|credit|debit|journal_id|line_memo|outlet_id|warehouse_id,,,,account_id|branch_id|credit|debit|journal_id|line_memo|outlet_id|warehouse_id,,NO_MODEL_FOUND
journals,branch_id|created_by|date|document_number|financial_year_id|is_posted|is_reversed|memo|organization_id|outlet_id|reference|reference_id|reference_type|voucher_no|warehouse_id,,,,branch_id|created_by|date|document_number|financial_year_id|is_posted|is_reversed|memo|organization_id|outlet_id|reference|reference_id|reference_type|voucher_no|warehouse_id,,NO_MODEL_FOUND
organization_policies,category|description|is_locked|key|organization_id|value,app\Models\Governance/OrganizationPolicy.php,category|description|is_locked|key|organization_id|value,value:array;is_locked:boolean,,,
organizations,address|business_start_date|city|contact_no|country|currency_code|email|favicon|incorporation_no|is_active|latitude|legal_name|logo|longitude|name|ntn|policies_locked|state|strn|website|zip_code,app\Models\Core/Organization.php,address|business_start_date|city|contact_no|country|currency_code|email|favicon|incorporation_no|is_active|latitude|legal_name|logo|longitude|name|ntn|policies_locked|state|strn|website|zip_code,business_start_date:date;is_active:boolean;policies_locked:boolean,,,
outle\1_\2s,,app\Models\Core/OutletSection.php,code|display_order|is_active|is_pos_counter|name|organization_id|outlet_id|parent_section_id|section_category_id,is_pos_counter:boolean;is_active:boolean,,code|display_order|is_active|is_pos_counter|name|organization_id|outlet_id|parent_section_id|section_category_id,NO_MIGRATION_FOUND
outlet_sections,code|display_order|is_active|is_pos_counter|name|organization_id|outlet_id|parent_section_id|section_category_id,,,,code|display_order|is_active|is_pos_counter|name|organization_id|outlet_id|parent_section_id|section_category_id,,NO_MODEL_FOUND
outlets,address|branch_id|city|code|contact_no|contact_person|country|email|is_active|latitude|longitude|name|organization_id|state|warehouse_id|zip_code,app\Models\Core/Outlet.php,address|branch_id|city|code|contact_no|contact_person|country|email|is_active|latitude|longitude|name|organization_id|parent_section_id|state|warehouse_id|zip_code,is_active:boolean;latitude:decimal:7;longitude:decimal:7,,parent_section_id,
partne\1_\2s,,app\Models\Partner/PartnerCategory.php,is_active|name|organization_id|type,is_active:boolean,,is_active|name|organization_id|type,NO_MIGRATION_FOUND
partner_categories,is_active|name|organization_id|type,,,,is_active|name|organization_id|type,,NO_MODEL_FOUND
password_reset_tokens,created_at|email|token,,,,created_at|email|token,,NO_MODEL_FOUND
paymen\1_\2s,,app\Models\Account/PaymentAllocation.php,allocation_date|amount_allocated|payment_id|purchase_bill_id,amount_allocated:decimal:4;allocation_date:date,,allocation_date|amount_allocated|payment_id|purchase_bill_id,NO_MIGRATION_FOUND
payment_allocations,allocation_date|amount_allocated|payment_id|purchase_bill_id,,,,allocation_date|amount_allocated|payment_id|purchase_bill_id,,NO_MODEL_FOUND
payments,account_id|amount|approved_at|approved_by|created_by|date|journal_id|organization_id|reference|reference_id|reference_number|reference_type|reviewed_at|reviewed_by|supplier_id|updated_by,app\Models\Voucher/Payment.php,account_id|amount|approved_at|approved_by|created_by|date|organization_id|reference_id|reference_number|reference_type|reviewed_at|reviewed_by|supplier_id|updated_by,amount:decimal:4;date:date,journal_id|reference,,
personal_access_tokens,abilities|expires_at|last_used_at|name|token|tokenable|tokenable_id|tokenable_type,,,,abilities|expires_at|last_used_at|name|token|tokenable|tokenable_id|tokenable_type,,NO_MODEL_FOUND
po\1_\2s,,app\Models\Voucher/PosSession.php,branch_id|cash_actual_balance|cash_expected_balance|cash_opening_balance|cash_register_id|ended_at|organization_id|started_at|status|user_id,started_at:datetime;ended_at:datetime;cash_opening_balance:decimal:4;cash_actual_balance:decimal:4;cash_expected_balance:decimal:4,,branch_id|cash_actual_balance|cash_expected_balance|cash_opening_balance|cash_register_id|ended_at|organization_id|started_at|status|user_id,NO_MIGRATION_FOUND
pos_sessions,cash_register_id|ended_at|is_open|organization_id|started_at|user_id,,,,cash_register_id|ended_at|is_open|organization_id|started_at|user_id,,NO_MODEL_FOUND
pric\1_\2s,,app\Models\Inventory/PriceList.php,currency|ends_at|is_active|is_default|name|organization_id|priority|starts_at,,,currency|ends_at|is_active|is_default|name|organization_id|priority|starts_at,NO_MIGRATION_FOUND
pric\1_\\1_\2tems,,app\Models\Inventory/PriceListItem.php,price|price_list_id|product_variant_id,,,price|price_list_id|product_variant_id,NO_MIGRATION_FOUND
price_list_items,min_qantity|price|price_list_id|product_variant_id,,,,min_qantity|price|price_list_id|product_variant_id,,NO_MODEL_FOUND
price_lists,currency|ends_at|is_active|is_default|name|organization_id|priority|starts_at,,,,currency|ends_at|is_active|is_default|name|organization_id|priority|starts_at,,NO_MODEL_FOUND
produc\1_\2s,,app\Models\Inventory/ProductImage.php;app\Models\Inventory/ProductVariant.php;app\Models\Inventory/ProductVariation.php,barcode|cost_price|disk|imageable_id|imageable_type|is_active|is_primary|is_serial_tracked|path|product_id|sale_price|sku|sort_order|variation_id,is_primary:boolean;sort_order:integer;cost_price:decimal:6;sale_price:decimal:6;is_serial_tracked:boolean;is_active:boolean,,barcode|cost_price|disk|imageable_id|imageable_type|is_active|is_primary|is_serial_tracked|path|product_id|sale_price|sku|sort_order|variation_id,NO_MIGRATION_FOUND
product_images,disk|imageable|imageable_id|imageable_type|is_primary|path|sort_order,,,,disk|imageable|imageable_id|imageable_type|is_primary|path|sort_order,,NO_MODEL_FOUND
product_variant_discounts,discountable_id|discountable_type|end_date|is_active|organization_id|product_variant_id|start_date|type|value,,,,discountable_id|discountable_type|end_date|is_active|organization_id|product_variant_id|start_date|type|value,,NO_MODEL_FOUND
product_variant_prices,cost_price|organization_id|priceable|priceable_id|priceable_type|product_variant_id|sale_price,,,,cost_price|organization_id|priceable|priceable_id|priceable_type|product_variant_id|sale_price,,NO_MODEL_FOUND
product_variant_units,conversion_factor|is_active|is_base|is_purchase_unit|is_sale_unit|product_variant_id|unit_id,app\Models\Inventory/ProductVariantUnit.php,conversion_factor|is_active|is_base|is_purchase_unit|is_sale_unit|product_variant_id|unit_id,is_base:boolean;is_purchase_unit:boolean;is_sale_unit:boolean;is_active:boolean,,,
product_variant_variation_values,product_variant_id|variation_value_id,app\Models\Inventory/ProductVariantVariationValue.php,product_variant_id|variation_value_id,,,,
product_variants,barcode|cost_price|is_active|is_serial_tracked|product_id|sale_price|sku,,,,barcode|cost_price|is_active|is_serial_tracked|product_id|sale_price|sku,,NO_MODEL_FOUND
product_variations,product_id|variation_id,,,,product_id|variation_id,,NO_MODEL_FOUND
products,brand_id|category_id|cogs_account_id|description|has_variants|has_warranty|inventory_account_id|is_active|name|organization_id|sale_account_id|tax_id|valuation_method|warranty_months,app\Models\Inventory/Product.php,brand_id|category_id|cogs_account_id|description|has_variants|has_warranty|inventory_account_id|is_active|name|organization_id|sale_account_id|tax_id|valuation_method|warranty_months,is_active:boolean;has_warranty:boolean;has_variants:boolean,,,
promotio\1_\2s,,app\Models\Inventory/PromotionScope.php;app\Models\Inventory/PromotionTarget.php,promotion_id|scopeable_id|scopeable_type|targetable_id|targetable_type,,,promotion_id|scopeable_id|scopeable_type|targetable_id|targetable_type,NO_MIGRATION_FOUND
promotion_scopes,promotion_id|scopeable|scopeable_id|scopeable_type,,,,promotion_id|scopeable|scopeable_id|scopeable_type,,NO_MODEL_FOUND
promotion_targets,promotion_id|targetable|targetable_id|targetable_type,,,,promotion_id|targetable|targetable_id|targetable_type,,NO_MODEL_FOUND
promotions,end_date|is_active|min_order_amount|name|organization_id|priority|stackable|start_date|type|usage_limit|used_count|value,app\Models\Inventory/Promotion.php,end_date|is_active|min_order_amount|name|organization_id|priority|stackable|start_date|type|usage_limit|used_count|value,,,,
purchas\1_\2s,,app\Models\Voucher/PurchaseBill.php;app\Models\Voucher/PurchaseOrder.php,approved_at|approved_by|branch_id|created_by|date|document_number|expected_receipt_date|grand_total|order_date|organization_id|reviewed_at|reviewed_by|status|supplier_id|supplier_invoice_number|updated_by|voucher_type_id,date:date;grand_total:decimal:4;order_date:date;expected_receipt_date:date,,approved_at|approved_by|branch_id|created_by|date|document_number|expected_receipt_date|grand_total|order_date|organization_id|reviewed_at|reviewed_by|status|supplier_id|supplier_invoice_number|updated_by|voucher_type_id,NO_MIGRATION_FOUND
purchase_bills,approved_at|approved_by|branch_id|created_by|currency_code|date|document_number|due_amount|exchange_rate|financial_year_id|grand_total|journal_id|organization_id|paid_amount|reviewed_at|reviewed_by|status|supplier_id|supplier_invoice_number|updated_by|voucher_type_id,,,,approved_at|approved_by|branch_id|created_by|currency_code|date|document_number|due_amount|exchange_rate|financial_year_id|grand_total|journal_id|organization_id|paid_amount|reviewed_at|reviewed_by|status|supplier_id|supplier_invoice_number|updated_by|voucher_type_id,,NO_MODEL_FOUND
purchase_orders,approved_at|approved_by|branch_id|created_by|document_number|expected_receipt_date|grand_total|order_date|organization_id|reviewed_at|reviewed_by|status|supplier_id|updated_by|voucher_type_id,,,,approved_at|approved_by|branch_id|created_by|document_number|expected_receipt_date|grand_total|order_date|organization_id|reviewed_at|reviewed_by|status|supplier_id|updated_by|voucher_type_id,,NO_MODEL_FOUND
receip\1_\2s,,app\Models\Account/ReceiptAllocation.php;app\Models\Voucher/ReceiptNote.php,allocation_date|amount_allocated|approved_at|approved_by|created_by|date|document_number|invoice_id|organization_id|purchase_bill_id|purchase_order_id|receipt_id|reviewed_at|reviewed_by|status|updated_by,amount_allocated:decimal:4;allocation_date:date;date:date,,allocation_date|amount_allocated|approved_at|approved_by|created_by|date|document_number|invoice_id|organization_id|purchase_bill_id|purchase_order_id|receipt_id|reviewed_at|reviewed_by|status|updated_by,NO_MIGRATION_FOUND
receipt_allocations,allocation_date|amount_allocated|invoice_id|receipt_id,,,,allocation_date|amount_allocated|invoice_id|receipt_id,,NO_MODEL_FOUND
receipt_notes,approved_at|approved_by|created_by|date|document_number|organization_id|purchase_bill_id|purchase_order_id|reviewed_at|reviewed_by|status|updated_by|voucher_type_id,,,,approved_at|approved_by|created_by|date|document_number|organization_id|purchase_bill_id|purchase_order_id|reviewed_at|reviewed_by|status|updated_by|voucher_type_id,,NO_MODEL_FOUND
receipts,account_id|amount|approved_at|approved_by|created_by|customer_id|date|journal_id|organization_id|reference|reference_id|reference_number|reference_type|reviewed_at|reviewed_by|updated_by,app\Models\Voucher/Receipt.php,account_id|amount|approved_at|approved_by|created_by|customer_id|date|organization_id|reference_id|reference_number|reference_type|reviewed_by|reviwed_at|updated_by,amount:decimal:4;date:date,journal_id|reference|reviewed_at,reviwed_at,
reservation_serials,reservation_id|serial_number_id,,,,reservation_id|serial_number_id,,NO_MODEL_FOUND
sal\1_\2s,,app\Models\Voucher/SaleOrder.php,allocated_at|approved_at|approved_by|branch_id|customer_id|delivery_date|document_number|fulfilled_at|fulfilled_by_id|fulfilled_by_level|grand_total|order_date|organization_id|outlet_id|reviewed_at|reviewed_by|status|voucher_type_id|warehouse_id,order_date:date;delivery_date:date;grand_total:decimal:4;reviewed_at:datetime;approved_at:datetime;allocated_at:datetime;fulfilled_at:datetime,,allocated_at|approved_at|approved_by|branch_id|customer_id|delivery_date|document_number|fulfilled_at|fulfilled_by_id|fulfilled_by_level|grand_total|order_date|organization_id|outlet_id|reviewed_at|reviewed_by|status|voucher_type_id|warehouse_id,NO_MIGRATION_FOUND
sale_orders,approved_at|approved_by|branch_id|created_by|customer_id|delivery_date|document_number|grand_total|order_date|organization_id|outlet_id|reviewed_at|reviewed_by|status|updated_by|voucher_type_id|warehouse_id,,,,approved_at|approved_by|branch_id|created_by|customer_id|delivery_date|document_number|grand_total|order_date|organization_id|outlet_id|reviewed_at|reviewed_by|status|updated_by|voucher_type_id|warehouse_id,,NO_MODEL_FOUND
sectio\1_\2s,,app\Models\Core/SectionCategory.php,description|name|organization_id,,,description|name|organization_id,NO_MIGRATION_FOUND
section_categories,description|name|organization_id,,,,description|name|organization_id,,NO_MODEL_FOUND
seria\1_\2s,,app\Models\Inventory/SerialNumber.php,condition_id|inventory_batch_id|organization_id|product_variant_id|reserved_at|returned_at|serial|sold_at|status|stock_location_id,reserved_at:datetime;sold_at:datetime;returned_at:datetime,,condition_id|inventory_batch_id|organization_id|product_variant_id|reserved_at|returned_at|serial|sold_at|status|stock_location_id,NO_MIGRATION_FOUND
serial_numbers,condition_id|inventory_batch_id|organization_id|product_variant_id|reserved_at|returned_at|serial|sold_at|status|stock_location_id,,,,condition_id|inventory_batch_id|organization_id|product_variant_id|reserved_at|returned_at|serial|sold_at|status|stock_location_id,,NO_MODEL_FOUND
sessions,id|ip_address|last_activity|payload|user_agent|user_id,,,,id|ip_address|last_activity|payload|user_agent|user_id,,NO_MODEL_FOUND
stoc\1_\2s,,app\Models\Inventory/StockLocation.php,code|is_active|locatable_id|locatable_type|name|organization_id,is_active:boolean,,code|is_active|locatable_id|locatable_type|name|organization_id,NO_MIGRATION_FOUND
stock_control_policies,description|key|organization_id|value,app\Models\Governance/StockControlPolicy.php,description|key|organization_id|value,value:array,,,
stock_flow_policies,allowed|description|from_id|from_type|is_locked|organization_id|to_id|to_type,app\Models\Governance/StockFlowPolicy.php,allowed|description|from_id|from_type|is_locked|organization_id|to_id|to_type,allowed:boolean;is_locked:boolean,,,
stock_locations,code|is_active|locatable|locatable_id|locatable_type|name|organization_id|parent_id|type,,,,code|is_active|locatable|locatable_id|locatable_type|name|organization_id|parent_id|type,,NO_MODEL_FOUND
suppliers,address|cnic|contact_no|contact_person|current_balance|email|incorporation_no|is_active|latitude|longitude|name|ntn|organization_id|partner_category_id|payment_terms_days|strn,app\Models\Partner/Supplier.php,address|cnic|contact_no|contact_person|current_balance|email|incorporation_no|is_active|latitude|longitude|name|ntn|organization_id|partner_category_id|payment_terms_days|strn,current_balance:decimal:4;is_active:boolean,,,
taxes,calculation_type|code|is_active|name|organization_id|rate,,,,calculation_type|code|is_active|name|organization_id|rate,,NO_MODEL_FOUND
taxs,,app\Models\Core/Tax.php,calculation_type|code|is_active|name|organization_id|rate,rate:decimal:4;is_active:boolean,,calculation_type|code|is_active|name|organization_id|rate,NO_MIGRATION_FOUND
transfe\1_\2s,,app\Models\Inventory/TransferOrder.php,approved_at|approved_by|completed_at|completed_by|created_by|destination_location_id|destination_location_type|document_id|document_number|document_type|grand_total_value|in_transit_at|in_transit_by|notes|organization_id|rejected_at|rejected_by|requested_at|requested_by|source_location_id|source_location_type|status|total_quantity|updated_by|voucher_type_id,total_quantity:decimal:6;grand_total_value:decimal:4;requested_at:datetime;approved_at:datetime;in_transit_at:datetime;completed_at:datetime;rejected_at:datetime,,approved_at|approved_by|completed_at|completed_by|created_by|destination_location_id|destination_location_type|document_id|document_number|document_type|grand_total_value|in_transit_at|in_transit_by|notes|organization_id|rejected_at|rejected_by|requested_at|requested_by|source_location_id|source_location_type|status|total_quantity|updated_by|voucher_type_id,NO_MIGRATION_FOUND
transfe\1_\\1_\2tems,,app\Models\Inventory/TransferOrderItem.php,allocated_quantity|created_by|inventory_batch_id|is_allocated|line_total|notes|organization_id|product_variant_id|quantity|transfer_order_id|unit_cost|unit_id|updated_by,quantity:decimal:6;unit_cost:decimal:4;line_total:decimal:4;allocated_quantity:decimal:6;is_allocated:boolean,,allocated_quantity|created_by|inventory_batch_id|is_allocated|line_total|notes|organization_id|product_variant_id|quantity|transfer_order_id|unit_cost|unit_id|updated_by,NO_MIGRATION_FOUND
transfer_order_items,allocated_quantity|created_by|inventory_batch_id|is_allocated|line_total|notes|organization_id|product_variant_id|quantity|transfer_order_id|unit_cost|unit_id|updated_by,,,,allocated_quantity|created_by|inventory_batch_id|is_allocated|line_total|notes|organization_id|product_variant_id|quantity|transfer_order_id|unit_cost|unit_id|updated_by,,NO_MODEL_FOUND
transfer_orders,approved_at|approved_by|completed_at|completed_by|created_by|destination_location|destination_location_id|destination_location_type|document|document_id|document_number|document_type|grand_total_value|in_transit_at|in_transit_by|notes|organization_id|rejected_at|rejected_by|requested_at|requested_by|source_location|source_location_id|source_location_type|status|total_quantity|updated_by|voucher_type_id,,,,approved_at|approved_by|completed_at|completed_by|created_by|destination_location|destination_location_id|destination_location_type|document|document_id|document_number|document_type|grand_total_value|in_transit_at|in_transit_by|notes|organization_id|rejected_at|rejected_by|requested_at|requested_by|source_location|source_location_id|source_location_type|status|total_quantity|updated_by|voucher_type_id,,NO_MODEL_FOUND
units,allow_decimal|name|organization_id|short_name,app\Models\Inventory/Unit.php,allow_decimal|name|organization_id|short_name,allow_decimal:boolean,,,
user_assignments,assignable|assignable_id|assignable_type|assigned_by|ended_at|role_id|started_at|user_id,app\Models\Auth/UserAssignment.php,assignable_id|assignable_type|assigned_by|ended_at|role_id|started_at|user_id,user_id:integer;assignable_id:integer;role_id:integer;assigned_by:integer;started_at:datetime;ended_at:datetime,assignable,,
user_contexts,branch_id|cash_register_id|ended_at|organization_id|outlet_id|started_at|user_id|warehouse_id,app\Models\Auth/UserContext.php,branch_id|cash_register_id|ended_at|organization_id|outlet_id|started_at|user_id|warehouse_id,started_at:datetime;ended_at:datetime;organization_id:integer;branch_id:integer;warehouse_id:integer;outlet_id:integer;cash_register_id:integer,,,
users,email|email_verified_at|is_active|is_admin|name|password|profile_photo_path,app\Models\User.php,email|is_active|is_admin|name|password|profile_photo_path,email_verified_at:datetime;password:hashed;is_active:boolean;is_admin:boolean,email_verified_at,,
variation_values,color_code|value|variation_id,app\Models\Inventory/VariationValue.php,color_code|value|variation_id,color_code:string,,,
variations,has_multiple|is_active|name|organization_id|short_name,app\Models\Inventory/Variation.php,has_multiple|is_active|name|organization_id|short_name,has_multiple:boolean;is_active:boolean,,,
vouche\1_\2s,,app\Models\Voucher/VoucherType.php,module|name|next_number|organization_id|prefix,,,module|name|next_number|organization_id|prefix,NO_MIGRATION_FOUND
voucher_types,module|name|next_number|organization_id|prefix,,,,module|name|next_number|organization_id|prefix,,NO_MODEL_FOUND
warehous\1_\2s,,app\Models\Core/WarehouseSection.php,aisle|bin|code|description|hierarchy_path|is_active|level|name|organization_id|parent_section_id|rack|section_category_id|shelf|warehouse_id|zone,is_active:boolean,,aisle|bin|code|description|hierarchy_path|is_active|level|name|organization_id|parent_section_id|rack|section_category_id|shelf|warehouse_id|zone,NO_MIGRATION_FOUND
warehouse_sections,aisle|bin|code|description|hierarchy_path|is_active|level|name|organization_id|parent_section_id|rack|section_category_id|shelf|warehouse_id|zone,,,,aisle|bin|code|description|hierarchy_path|is_active|level|name|organization_id|parent_section_id|rack|section_category_id|shelf|warehouse_id|zone,,NO_MODEL_FOUND
warehouses,address|branch_id|city|code|contact_no|contact_person|country|email|is_active|latitude|longitude|name|organization_id|state|zip_code,app\Models\Core/Warehouse.php,address|branch_id|city|code|contact_no|contact_person|country|email|is_active|latitude|longitude|name|organization_id|state|zip_code,is_active:boolean;latitude:decimal:8;longitude:decimal:8,,,
